{
    "active": true,
    "name": "Common",
    "slug": "common",
    "docsSlug": "doctrine-common",
    "versions": [
        {
            "name": "3.4",
            "branchName": "3.4.x",
            "slug": "3.4",
            "current": true
        },
        {
            "name": "3.3",
            "branchName": "3.3.x",
            "slug": "3.3",
            "maintained": false
        },
        {
            "name": "3.2",
            "branchName": "3.2.x",
            "slug": "3.2",
            "maintained": false
        },
        {
            "name": "3.1",
            "branchName": "3.1.x",
            "slug": "3.1",
            "maintained": false
        },
        {
            "name": "3.0",
            "branchName": "3.0.x",
            "slug": "3.0",
            "maintained": false
        },
        {
            "name": "2.13",
            "branchName": "2.13.x",
            "slug": "2.13",
            "maintained": false
        },
        {
            "name": "2.12",
            "branchName": "2.12.x",
            "slug": "2.12",
            "maintained": false
        },
        {
            "name": "2.11",
            "branchName": "2.11",
            "slug": "2.11",
            "maintained": false
        }
    ]
}
